time,time,open,high,low,close,volume,amount,settelementPrice,openInterest,preClose,suspendFlag
2022-01-04,1641225600000,16.48,16.66,16.18,16.66,1169259,1918887050.0,0.0,15,16.48,0
2022-01-05,1641312000000,16.580000000000002,17.220000000000002,16.55,17.150000000000002,1961998,3344124589.0,0.0,15,16.66,0
2022-01-06,1641398400000,17.11,17.27,17.0,17.12,1107885,1896535837.0,0.0,15,17.15,0
2022-01-07,1641484800000,17.099999999999998,17.279999999999998,17.06,17.2,1126631,1937710958.0,0.0,15,17.119999999999997,0
2022-01-10,1641744000000,17.290000000000003,17.42,17.03,17.19,909774,1563414572.0,0.0,15,17.200000000000003,0
2022-01-11,1641830400000,17.26,17.54,17.14,17.41,1581999,2752485391.0,0.0,15,17.19,0
2022-01-12,1641916800000,17.41,17.45,16.9,17.0,1502164,2561266412.0,0.0,15,17.41,0
2022-01-13,1642003200000,16.91,17.240000000000002,16.82,16.98,909423,1550319158.0,0.0,15,17.0,0
2022-01-14,1642089600000,17.0,17.02,16.3,16.330000000000002,2103095,3459950804.0,0.0,15,16.98,0
2022-01-17,1642348800000,16.35,16.48,16.12,16.220000000000002,1143689,1855633789.0,0.0,15,16.330000000000002,0
2022-01-18,1642435200000,16.25,16.54,16.16,16.52,1152974,1891094610.0,0.0,15,16.22,0
2022-01-19,1642521600000,16.54,16.689999999999998,16.36,16.5,988392,1630973587.0,0.0,15,16.52,0
2022-01-20,1642608000000,16.470000000000002,17.46,16.42,17.330000000000002,3031194,5195805549.0,0.0,15,16.5,0
2022-01-21,1642694400000,17.45,17.560000000000002,17.21,17.35,1481683,2575115123.9999995,0.0,15,17.330000000000002,0
2022-01-24,1642953600000,17.34,17.38,16.98,17.2,874771,1501390339.0000002,0.0,15,17.35,0
2022-01-25,1643040000000,17.08,17.08,16.81,16.849999999999998,1093284,1851999025.0,0.0,15,17.2,0
2022-01-26,1643126400000,16.95,17.099999999999998,16.54,16.65,984975,1646384984.0,0.0,15,16.849999999999998,0
2022-01-27,1643212800000,16.5,16.54,16.25,16.3,1024643,1677261296.0,0.0,15,16.65,0
2022-01-28,1643299200000,16.39,16.45,15.82,15.83,1675564,2695470330.0,0.0,15,16.3,0
2022-02-07,1644163200000,16.02,16.41,15.89,16.39,1515476,2451798485.0,0.0,15,15.83,0
2022-02-08,1644249600000,16.3,16.970000000000002,16.26,16.830000000000002,1754695,2950309012.0,0.0,15,16.39,0
2022-02-09,1644336000000,16.92,17.0,16.71,16.86,1051162,1774253636.0000002,0.0,15,16.830000000000002,0
2022-02-10,1644422400000,16.770000000000003,17.03,16.67,16.990000000000002,784557,1326848947.0,0.0,15,16.860000000000003,0
2022-02-11,1644508800000,17.03,17.34,17.03,17.1,1078139,1852167493.0,0.0,15,16.990000000000002,0
2022-02-14,1644768000000,17.1,17.150000000000002,16.51,16.580000000000002,1150659,1917613419.0,0.0,15,17.1,0
2022-02-15,1644854400000,16.5,16.67,16.1,16.28,1208264,1968985377.9999998,0.0,15,16.580000000000002,0
2022-02-16,1644940800000,16.35,16.53,16.21,16.41,782400,1282234150.0,0.0,15,16.28,0
2022-02-17,1645027200000,16.39,16.55,16.32,16.42,794502,1306514349.0,0.0,15,16.41,0
2022-02-18,1645113600000,16.32,16.77,16.31,16.77,802499,1330233364.9999998,0.0,15,16.419999999999998,0
2022-02-21,1645372800000,16.66,16.67,16.32,16.51,800995,1316023718.0,0.0,15,16.77,0
2022-02-22,1645459200000,16.31,16.44,16.16,16.23,894957,1454156224.0,0.0,15,16.51,0
2022-02-23,1645545600000,16.3,16.31,16.04,16.189999999999998,886742,1431289852.0,0.0,15,16.23,0
2022-02-24,1645632000000,16.13,16.150000000000002,15.8,15.91,1324087,2112842553.0,0.0,15,16.19,0
2022-02-25,1645718400000,15.99,16.080000000000002,15.870000000000001,15.9,726397,1157890268.0,0.0,15,15.91,0
2022-02-28,1645977600000,15.9,15.920000000000002,15.620000000000001,15.750000000000002,723990,1137154094.0,0.0,15,15.9,0
2022-03-01,1646064000000,15.790000000000001,15.950000000000001,15.620000000000001,15.920000000000002,935040,1474693965.0,0.0,15,15.750000000000002,0
2022-03-02,1646150400000,15.790000000000001,15.870000000000001,15.66,15.68,760761,1196321948.0000002,0.0,15,15.92,0
2022-03-03,1646236800000,15.73,15.81,15.63,15.71,578285,908171588.0,0.0,15,15.680000000000001,0
2022-03-04,1646323200000,15.620000000000001,15.63,15.280000000000001,15.330000000000002,990936,1523793664.0,0.0,15,15.71,0
2022-03-07,1646582400000,15.17,15.17,14.66,14.72,1113159,1655959941.0,0.0,15,15.33,0
2022-03-08,1646668800000,14.62,14.86,14.25,14.31,1003033,1463145930.0,0.0,15,14.72,0
2022-03-09,1646755200000,14.4,14.450000000000001,13.22,13.84,1800760,2492042993.0,0.0,15,14.31,0
2022-03-10,1646841600000,14.18,14.75,14.09,14.57,2249158,3269867788.0000005,0.0,15,13.84,0
2022-03-11,1646928000000,14.4,14.98,14.15,14.9,1493647,2187480610.0,0.0,15,14.57,0
2022-03-14,1647187200000,14.63,14.930000000000001,14.450000000000001,14.49,1118407,1637278471.0,0.0,15,14.9,0
2022-03-15,1647273600000,14.4,14.4,13.6,13.68,1781409,2479769555.0,0.0,15,14.49,0
2022-03-16,1647360000000,13.86,14.4,13.51,14.31,1531779,2141637065.0000002,0.0,15,13.68,0
2022-03-17,1647446400000,14.66,14.71,14.24,14.450000000000001,1730061,2506504217.0,0.0,15,14.31,0
2022-03-18,1647532800000,14.360000000000001,14.850000000000001,14.14,14.700000000000001,1528807,2222158762.0,0.0,15,14.450000000000001,0
2022-03-21,1647792000000,14.5,14.82,14.39,14.59,1208868,1765673892.0,0.0,15,14.700000000000001,0
2022-03-22,1647878400000,14.59,15.22,14.5,15.18,1628657,2443174055.0,0.0,15,14.59,0
2022-03-23,1647964800000,15.110000000000001,15.19,14.9,15.0,1050102,1577561341.0000002,0.0,15,15.18,0
2022-03-24,1648051200000,14.92,15.31,14.81,15.200000000000001,1002360,1518870080.0,0.0,15,15.0,0
2022-03-25,1648137600000,15.15,15.25,14.82,14.98,742933,1116354595.0,0.0,15,15.200000000000001,0
2022-03-28,1648396800000,14.8,15.05,14.63,14.850000000000001,727137,1078327302.0,0.0,15,14.98,0
2022-03-29,1648483200000,14.879999999999999,14.95,14.6,14.68,615643,909169631.0000001,0.0,15,14.85,0
2022-03-30,1648569600000,14.86,15.27,14.76,15.209999999999999,1236792,1859617040.0,0.0,15,14.68,0
2022-03-31,1648656000000,15.1,15.57,15.06,15.38,1163747,1789209946.0,0.0,15,15.21,0
2022-04-01,1648742400000,15.370000000000001,15.790000000000001,15.200000000000001,15.750000000000002,1484879,2319616863.0000005,0.0,15,15.38,0
2022-04-06,1649174400000,15.64,16.54,15.63,16.39,2488540,4064051491.0,0.0,15,15.75,0
2022-04-07,1649260800000,16.38,16.66,16.2,16.279999999999998,1659065,2724002904.0000005,0.0,15,16.39,0
2022-04-08,1649347200000,16.259999999999998,16.45,16.13,16.4,1066779,1741072072.0000002,0.0,15,16.279999999999998,0
2022-04-11,1649606400000,16.35,16.400000000000002,15.8,16.05,1416735,2277469055.0,0.0,15,16.400000000000002,0
2022-04-12,1649692800000,16.05,16.26,15.66,15.92,1039261,1654820082.0000002,0.0,15,16.05,0
2022-04-13,1649779200000,15.89,16.080000000000002,15.72,15.8,890628,1415496125.0,0.0,15,15.92,0
2022-04-14,1649865600000,16.0,16.25,15.92,16.04,929615,1493343951.9999998,0.0,15,15.8,0
2022-04-15,1649952000000,15.9,16.53,15.860000000000001,16.42,1231761,2014010094.0,0.0,15,16.040000000000003,0
2022-04-18,1650211200000,16.150000000000002,16.2,15.81,15.9,1086888,1734236523.0000002,0.0,15,16.42,0
2022-04-19,1650297600000,15.9,15.97,15.620000000000001,15.81,821772,1294226951.0,0.0,15,15.9,0
2022-04-20,1650384000000,15.81,16.05,15.700000000000001,15.850000000000001,716555,1137697846.0,0.0,15,15.81,0
2022-04-21,1650470400000,15.770000000000001,15.98,15.700000000000001,15.81,709891,1124663651.0,0.0,15,15.850000000000001,0
2022-04-22,1650556800000,15.64,16.19,15.4,16.06,921274,1468452957.0,0.0,15,15.81,0
2022-04-25,1650816000000,15.670000000000002,15.910000000000002,14.780000000000001,14.850000000000001,1664481,2527610217.0,0.0,15,16.060000000000002,0
2022-04-26,1650902400000,14.88,14.98,14.450000000000001,14.73,988210,1456929632.0000002,0.0,15,14.850000000000001,0
2022-04-27,1650988800000,14.98,15.65,14.96,15.65,1490295,2296798759.0,0.0,15,14.73,0
2022-04-28,1651075200000,15.57,15.930000000000001,15.370000000000001,15.65,911772,1426381925.0,0.0,15,15.65,0
2022-04-29,1651161600000,15.690000000000001,15.74,14.97,15.32,1645013,2503476827.0000005,0.0,15,15.65,0
2022-05-05,1651680000000,15.200000000000001,15.450000000000001,15.15,15.32,790196,1208735141.0,0.0,15,15.32,0
2022-05-06,1651766400000,15.02,15.2,14.91,14.96,832432,1250995594.0,0.0,15,15.32,0
2022-05-09,1652025600000,14.940000000000001,14.940000000000001,14.46,14.55,818621,1197104247.0,0.0,15,14.96,0
2022-05-10,1652112000000,14.5,14.6,14.11,14.59,992285,1425836927.0,0.0,15,14.549999999999999,0
2022-05-11,1652198400000,14.54,14.84,14.44,14.629999999999999,848574,1240700425.9999998,0.0,15,14.59,0
2022-05-12,1652284800000,14.48,14.56,14.33,14.38,685064,987061607.0,0.0,15,14.63,0
2022-05-13,1652371200000,14.5,14.66,14.49,14.61,676312,985962931.9999999,0.0,15,14.38,0
2022-05-16,1652630400000,14.66,14.73,14.35,14.41,668228,965652298.0,0.0,15,14.61,0
2022-05-17,1652716800000,14.51,14.72,14.32,14.71,931406,1357428405.9999998,0.0,15,14.41,0
2022-05-18,1652803200000,14.85,14.89,14.67,14.75,778578,1150500437.0,0.0,15,14.709999999999999,0
2022-05-19,1652889600000,14.55,14.7,14.5,14.62,590922,863214130.0,0.0,15,14.75,0
2022-05-20,1652976000000,14.7,15.04,14.67,15.02,948598,1415164711.0,0.0,15,14.62,0
2022-05-23,1653235200000,15.07,15.07,14.76,14.83,647726,962683728.0,0.0,15,15.02,0
2022-05-24,1653321600000,14.870000000000001,14.870000000000001,14.4,14.4,933557,1358693535.0,0.0,15,14.83,0
2022-05-25,1653408000000,14.430000000000001,14.49,14.3,14.39,603228,866228923.9999999,0.0,15,14.4,0
2022-05-26,1653494400000,14.41,14.43,14.07,14.19,1011318,1435689342.0,0.0,15,14.39,0
2022-05-27,1653580800000,14.29,14.35,14.11,14.18,723067,1029702185.0,0.0,15,14.19,0
2022-05-30,1653840000000,14.260000000000002,14.280000000000001,14.040000000000001,14.08,896901,1265573047.0,0.0,15,14.180000000000001,0
2022-05-31,1653926400000,14.07,14.18,14.0,14.16,938869,1325012047.0,0.0,15,14.08,0
2022-06-01,1654012800000,14.14,14.14,14.0,14.08,845299,1187423732.0,0.0,15,14.16,0
2022-06-02,1654099200000,14.020000000000001,14.030000000000001,13.88,13.950000000000001,979268,1363740797.0,0.0,15,14.08,0
2022-06-06,1654444800000,13.91,14.17,13.64,14.17,1710852,2370807610.0,0.0,15,13.950000000000001,0
2022-06-07,1654531200000,14.02,14.25,13.99,14.16,1315113,1860366715.0,0.0,15,14.17,0
2022-06-08,1654617600000,14.16,14.17,14.01,14.16,1145521,1613524957.0000002,0.0,15,14.16,0
2022-06-09,1654704000000,14.139999999999999,14.459999999999999,14.1,14.35,1632901,2339986707.0,0.0,15,14.16,0
2022-06-10,1654790400000,14.260000000000002,14.33,14.13,14.32,1346012,1914639698.0,0.0,15,14.350000000000001,0
2022-06-13,1655049600000,14.180000000000001,14.190000000000001,13.88,13.91,1547753,2163340108.0,0.0,15,14.32,0
2022-06-14,1655136000000,13.71,14.13,13.71,14.120000000000001,1151429,1602169897.0000002,0.0,15,13.91,0
2022-06-15,1655222400000,14.1,15.110000000000001,14.06,14.74,3413544,5010292726.0,0.0,15,14.120000000000001,0
2022-06-16,1655308800000,14.74,14.83,14.42,14.44,1332546,1939976254.0,0.0,15,14.74,0
2022-06-17,1655395200000,14.32,14.530000000000001,14.200000000000001,14.450000000000001,1053788,1513925913.0,0.0,15,14.440000000000001,0
2022-06-20,1655654400000,14.44,14.44,14.26,14.34,1032167,1479529786.0,0.0,15,14.45,0
2022-06-21,1655740800000,14.34,14.63,14.23,14.370000000000001,1321794,1905346056.0000002,0.0,15,14.34,0
2022-06-22,1655827200000,14.36,14.36,14.08,14.08,1056046,1498415783.0,0.0,15,14.37,0
2022-06-23,1655913600000,14.09,14.23,14.06,14.200000000000001,806028,1140899090.9999998,0.0,15,14.08,0
2022-06-24,1656000000000,14.2,14.25,14.11,14.229999999999999,866041,1227798687.0,0.0,15,14.2,0
2022-06-27,1656259200000,14.24,14.56,14.22,14.49,1497278,2166380438.0,0.0,15,14.23,0
2022-06-28,1656345600000,14.47,14.67,14.41,14.63,1125110,1638673242.0000002,0.0,15,14.49,0
2022-06-29,1656432000000,14.65,14.9,14.55,14.64,1266547,1865064678.0000002,0.0,15,14.63,0
2022-06-30,1656518400000,14.63,15.020000000000001,14.55,14.98,1548745,2304888691.0,0.0,15,14.64,0
2022-07-01,1656604800000,15.0,15.07,14.84,14.92,779243,1164030775.0,0.0,15,14.98,0
2022-07-04,1656864000000,14.95,14.98,14.75,14.94,834968,1241453402.0,0.0,15,14.92,0
2022-07-05,1656950400000,14.99,15.27,14.82,14.91,1115172,1674719024.9999998,0.0,15,14.94,0
2022-07-06,1657036800000,14.83,14.930000000000001,14.46,14.530000000000001,1043335,1520022514.0,0.0,15,14.91,0
2022-07-07,1657123200000,14.540000000000001,14.65,14.38,14.42,730161,1057696546.0000001,0.0,15,14.530000000000001,0
2022-07-08,1657209600000,14.500000000000002,14.65,14.370000000000001,14.540000000000001,639698,928850348.0,0.0,15,14.420000000000002,0
2022-07-11,1657468800000,14.5,14.57,14.36,14.459999999999999,611692,883613754.0000001,0.0,15,14.54,0
2022-07-12,1657555200000,14.41,14.73,14.38,14.42,742882,1078431989.0,0.0,15,14.46,0
2022-07-13,1657641600000,14.42,14.47,13.89,13.97,2175996,3056913117.0,0.0,15,14.42,0
2022-07-14,1657728000000,13.700000000000001,13.71,13.290000000000001,13.370000000000001,2632121,3534578702.0,0.0,15,13.97,0
2022-07-15,1657814400000,13.48,13.56,13.22,13.24,1598637,2139915274.0000002,0.0,15,13.370000000000001,0
2022-07-18,1658073600000,13.25,13.440000000000001,13.21,13.39,1153506,1536340973.0,0.0,15,13.24,0
2022-07-19,1658160000000,13.340000000000002,13.430000000000001,13.280000000000001,13.420000000000002,755597,1008562417.0,0.0,15,13.39,0
2022-07-20,1658246400000,13.43,13.469999999999999,13.35,13.389999999999999,801459,1073936299.0,0.0,15,13.42,0
2022-07-21,1658332800000,13.32,13.34,12.99,13.01,1970388,2588696130.0,0.0,15,13.39,0
2022-07-22,1658419200000,12.840000000000002,12.930000000000001,12.620000000000001,12.81,1376510,1755555714.0,0.0,15,12.780000000000001,0
2022-07-25,1658678400000,12.8,12.85,12.67,12.82,763956,976071707.0000001,0.0,15,12.81,0
2022-07-26,1658764800000,12.75,12.91,12.71,12.91,1024049,1314310442.0,0.0,15,12.82,0
2022-07-27,1658851200000,12.85,12.88,12.73,12.790000000000001,923914,1182889759.9999998,0.0,15,12.91,0
2022-07-28,1658937600000,12.81,12.910000000000002,12.780000000000001,12.88,750347,964903657.0000001,0.0,15,12.790000000000001,0
2022-07-29,1659024000000,12.88,12.9,12.65,12.68,831497,1059518584.0,0.0,15,12.88,0
2022-08-01,1659283200000,12.66,12.66,12.4,12.42,1025733,1277987010.0,0.0,15,12.68,0
2022-08-02,1659369600000,12.219999999999999,12.34,11.94,12.26,1373009,1664397666.0,0.0,15,12.42,0
2022-08-03,1659456000000,12.19,12.27,12.01,12.03,746137,905653324.0,0.0,15,12.26,0
2022-08-04,1659542400000,12.1,12.17,12.02,12.16,602676,729351710.0,0.0,15,12.03,0
2022-08-05,1659628800000,12.13,12.33,11.98,12.31,765298,930836354.0000001,0.0,15,12.16,0
2022-08-08,1659888000000,12.25,12.36,12.16,12.2,552000,674950920.0,0.0,15,12.31,0
2022-08-09,1659974400000,12.21,12.22,12.08,12.12,558448,677098632.0,0.0,15,12.2,0
2022-08-10,1660060800000,12.12,12.24,12.02,12.059999999999999,683023,825806007.0000001,0.0,15,12.12,0
2022-08-11,1660147200000,12.08,12.39,12.040000000000001,12.350000000000001,1399304,1710719478.0,0.0,15,12.06,0
2022-08-12,1660233600000,12.260000000000002,12.410000000000002,12.200000000000001,12.38,820504,1010612433.0000001,0.0,15,12.350000000000001,0
2022-08-15,1660492800000,12.29,12.36,12.09,12.11,1172010,1425087455.0,0.0,15,12.379999999999999,0
2022-08-16,1660579200000,12.11,12.2,12.1,12.129999999999999,631224,765907218.0,0.0,15,12.11,0
2022-08-17,1660665600000,12.15,12.42,12.07,12.4,1348507,1656961619.0,0.0,15,12.13,0
2022-08-18,1660752000000,12.48,12.540000000000001,12.16,12.25,1269701,1560630567.0,0.0,15,12.4,0
2022-08-19,1660838400000,12.27,12.75,12.23,12.57,2106417,2653471090.0,0.0,15,12.25,0
2022-08-22,1661097600000,12.58,12.68,12.41,12.5,1138077,1423361878.0000002,0.0,15,12.57,0
2022-08-23,1661184000000,12.450000000000001,12.490000000000002,12.280000000000001,12.340000000000002,921463,1137300431.0,0.0,15,12.500000000000002,0
2022-08-24,1661270400000,12.33,12.540000000000001,12.33,12.4,1295375,1613309589.0,0.0,15,12.34,0
2022-08-25,1661356800000,12.4,12.66,12.3,12.620000000000001,1064011,1329230362.0000002,0.0,15,12.4,0
2022-08-26,1661443200000,12.680000000000001,12.75,12.46,12.610000000000001,927634,1168951099.0,0.0,15,12.620000000000001,0
2022-08-29,1661702400000,12.5,12.56,12.31,12.42,924491,1145189174.0,0.0,15,12.610000000000001,0
2022-08-30,1661788800000,12.430000000000001,12.540000000000001,12.280000000000001,12.48,799712,991447627.0,0.0,15,12.420000000000002,0
2022-08-31,1661875200000,12.379999999999999,12.78,12.36,12.75,1653042,2091408314.0000002,0.0,15,12.479999999999999,0
2022-09-01,1661961600000,12.65,12.790000000000001,12.58,12.61,861982,1092666276.0,0.0,15,12.75,0
2022-09-02,1662048000000,12.62,12.69,12.43,12.51,786363,983433862.0000001,0.0,15,12.61,0
2022-09-05,1662307200000,12.46,12.600000000000001,12.370000000000001,12.57,632040,788451088.0000001,0.0,15,12.510000000000002,0
2022-09-06,1662393600000,12.58,12.66,12.43,12.5,731295,914692183.0,0.0,15,12.57,0
2022-09-07,1662480000000,12.420000000000002,12.420000000000002,12.280000000000001,12.330000000000002,979813,1208329758.0000002,0.0,15,12.500000000000002,0
2022-09-08,1662566400000,12.32,12.440000000000001,12.3,12.360000000000001,621117,768913483.0,0.0,15,12.33,0
2022-09-09,1662652800000,12.399999999999999,12.74,12.36,12.719999999999999,1951297,2469131334.0,0.0,15,12.36,0
2022-09-13,1662998400000,12.88,13.02,12.66,12.95,1722690,2223707380.0000005,0.0,15,12.72,0
2022-09-14,1663084800000,12.750000000000002,12.870000000000001,12.700000000000001,12.73,858036,1095054828.0,0.0,15,12.950000000000001,0
2022-09-15,1663171200000,12.799999999999999,13.1,12.77,13.0,1841018,2393239453.0,0.0,15,12.73,0
2022-09-16,1663257600000,12.92,12.950000000000001,12.56,12.56,1357448,1719252822.0,0.0,15,13.0,0
2022-09-19,1663516800000,12.540000000000001,12.67,12.48,12.57,632121,793491306.0,0.0,15,12.56,0
2022-09-20,1663603200000,12.61,12.63,12.32,12.34,889989,1102212202.9999998,0.0,15,12.57,0
2022-09-21,1663689600000,12.31,12.48,12.200000000000001,12.430000000000001,684197,845477181.0,0.0,15,12.340000000000002,0
2022-09-22,1663776000000,12.33,12.36,12.25,12.29,586133,720058210.0,0.0,15,12.43,0
2022-09-23,1663862400000,12.24,12.43,12.23,12.290000000000001,586441,722703127.0,0.0,15,12.290000000000001,0
2022-09-26,1664121600000,12.16,12.28,11.99,12.0,903729,1094060839.0,0.0,15,12.290000000000001,0
2022-09-27,1664208000000,12.0,12.16,11.81,12.15,789622,946732993.0,0.0,15,12.0,0
2022-09-28,1664294400000,12.09,12.25,11.92,12.11,780926,946211766.0,0.0,15,12.15,0
2022-09-29,1664380800000,12.25,12.280000000000001,11.82,11.86,917718,1100405198.0,0.0,15,12.11,0
2022-09-30,1664467200000,11.87,11.96,11.83,11.84,537230,638906947.0000001,0.0,15,11.86,0
2022-10-10,1665331200000,11.700000000000001,11.770000000000001,11.46,11.47,966080,1119089730.0,0.0,15,11.840000000000002,0
2022-10-11,1665417600000,11.540000000000001,11.58,11.41,11.48,415253,476749226.0,0.0,15,11.47,0
2022-10-12,1665504000000,11.45,11.62,11.35,11.6,559572,641776508.0,0.0,15,11.48,0
2022-10-13,1665590400000,11.51,11.540000000000001,11.31,11.34,852616,970021738.9999999,0.0,15,11.6,0
2022-10-14,1665676800000,11.450000000000001,11.63,11.4,11.530000000000001,1096062,1265486550.0,0.0,15,11.34,0
2022-10-17,1665936000000,11.42,11.52,11.34,11.48,1024823,1171523550.0,0.0,15,11.53,0
2022-10-18,1666022400000,11.55,11.64,11.46,11.48,946837,1091646643.0000002,0.0,15,11.48,0
2022-10-19,1666108800000,11.42,11.49,11.28,11.29,923990,1049700767.0,0.0,15,11.479999999999999,0
2022-10-20,1666195200000,11.23,11.31,11.16,11.2,781923,876967150.0000001,0.0,15,11.290000000000001,0
2022-10-21,1666281600000,11.21,11.25,11.07,11.09,785574,876648489.9999999,0.0,15,11.200000000000001,0
2022-10-24,1666540800000,11.09,11.1,10.61,10.62,1383391,1496043939.9999998,0.0,15,11.09,0
2022-10-25,1666627200000,10.7,10.81,10.6,10.65,1316979,1406437766.0,0.0,15,10.62,0
2022-10-26,1666713600000,10.639999999999999,10.729999999999999,10.61,10.66,1143830,1220733277.0,0.0,15,10.649999999999999,0
2022-10-27,1666800000000,10.7,10.77,10.66,10.68,957383,1024868047.0,0.0,15,10.66,0
2022-10-28,1666886400000,10.63,10.7,10.41,10.42,1057947,1114999302.0,0.0,15,10.68,0
2022-10-31,1667145600000,10.33,10.450000000000001,10.22,10.34,983096,1016230012.0,0.0,15,10.42,0
2022-11-01,1667232000000,10.379999999999999,10.68,10.36,10.67,1381234,1459758367.0,0.0,15,10.34,0
2022-11-02,1667318400000,10.610000000000001,10.68,10.48,10.63,1302988,1377816220.0000002,0.0,15,10.67,0
2022-11-03,1667404800000,10.540000000000001,10.57,10.38,10.440000000000001,983536,1028904286.0000001,0.0,15,10.63,0
2022-11-04,1667491200000,10.4,10.850000000000001,10.39,10.82,1776112,1903720942.9999998,0.0,15,10.440000000000001,0
2022-11-07,1667750400000,10.81,10.91,10.73,10.88,988082,1070554832.0,0.0,15,10.82,0
2022-11-08,1667836800000,10.889999999999999,10.92,10.78,10.85,583222,632835804.0000001,0.0,15,10.879999999999999,0
2022-11-09,1667923200000,10.84,11.08,10.82,10.89,832107,911153622.0,0.0,15,10.85,0
2022-11-10,1668009600000,10.79,10.9,10.69,10.87,552021,596916589.0,0.0,15,10.889999999999999,0
2022-11-11,1668096000000,11.129999999999999,11.66,11.01,11.43,2545071,2878557391.0,0.0,15,10.87,0
2022-11-14,1668355200000,11.700000000000001,12.280000000000001,11.700000000000001,11.950000000000001,3872084,4637823413.0,0.0,15,11.430000000000001,0
2022-11-15,1668441600000,11.86,12.18,11.83,12.01,1573901,1891249648.0,0.0,15,11.95,0
2022-11-16,1668528000000,11.97,12.05,11.790000000000001,11.82,1278693,1519133931.0,0.0,15,12.010000000000002,0
2022-11-17,1668614400000,11.81,11.84,11.58,11.69,1091047,1273790880.0,0.0,15,11.82,0
2022-11-18,1668700800000,11.74,11.780000000000001,11.57,11.59,868093,1011078679.0000001,0.0,15,11.69,0
2022-11-21,1668960000000,11.48,11.5,11.22,11.46,1047737,1189388618.0,0.0,15,11.59,0
2022-11-22,1669046400000,11.459999999999999,11.93,11.44,11.82,1491324,1748727405.9999998,0.0,15,11.459999999999999,0
2022-11-23,1669132800000,11.780000000000001,12.05,11.72,11.82,1247657,1483352651.0,0.0,15,11.82,0
2022-11-24,1669219200000,11.92,11.99,11.69,11.77,796719,941002372.0000001,0.0,15,11.82,0
2022-11-25,1669305600000,11.79,12.23,11.77,12.17,1760728,2130171603.9999998,0.0,15,11.77,0
2022-11-28,1669564800000,11.9,11.92,11.69,11.809999999999999,1331563,1568351120.0000002,0.0,15,12.17,0
2022-11-29,1669651200000,12.16,12.99,12.13,12.99,4749277,6026006641.000001,0.0,15,11.81,0
2022-11-30,1669737600000,12.9,13.34,12.82,13.030000000000001,3209628,4206404173.0000005,0.0,15,12.99,0
2022-12-01,1669824000000,13.38,13.66,13.07,13.1,2002689,2658203027.0,0.0,15,13.030000000000001,0
2022-12-02,1669910400000,13.139999999999999,13.15,12.69,12.9,1404203,1803658762.0,0.0,15,13.1,0
2022-12-05,1670169600000,13.09,13.57,13.01,13.53,2287627,3057231972.0,0.0,15,12.9,0
2022-12-06,1670256000000,13.34,13.66,13.25,13.43,1252579,1680593515.0000002,0.0,15,13.53,0
2022-12-07,1670342400000,13.330000000000002,13.370000000000001,13.030000000000001,13.15,1377377,1815667663.0,0.0,15,13.430000000000001,0
2022-12-08,1670428800000,13.15,13.520000000000001,13.120000000000001,13.360000000000001,1065723,1422047904.0,0.0,15,13.15,0
2022-12-09,1670515200000,13.4,13.75,13.35,13.7,1615832,2197501648.0,0.0,15,13.36,0
2022-12-12,1670774400000,13.58,13.58,13.06,13.110000000000001,1392584,1848277966.0,0.0,15,13.700000000000001,0
2022-12-13,1670860800000,13.15,13.360000000000001,13.14,13.24,902285,1194285343.0,0.0,15,13.110000000000001,0
2022-12-14,1670947200000,13.23,13.4,13.08,13.23,974061,1287867945.0,0.0,15,13.24,0
2022-12-15,1671033600000,13.139999999999999,13.28,12.94,13.1,835349,1094434005.0,0.0,15,13.229999999999999,0
2022-12-16,1671120000000,13.02,13.4,13.02,13.34,924252,1225269166.0,0.0,15,13.1,0
2022-12-19,1671379200000,13.330000000000002,13.47,12.950000000000001,13.040000000000001,1030866,1355435567.0,0.0,15,13.340000000000002,0
2022-12-20,1671465600000,12.97,13.08,12.67,12.76,896212,1150630681.0000002,0.0,15,13.04,0
2022-12-21,1671552000000,12.85,12.99,12.74,12.89,614590,791782473.0000001,0.0,15,12.76,0
2022-12-22,1671638400000,13.0,13.15,12.9,12.950000000000001,672394,876159828.0,0.0,15,12.89,0
2022-12-23,1671724800000,12.850000000000001,13.06,12.8,12.98,564426,730705958.0,0.0,15,12.950000000000001,0
2022-12-26,1671984000000,12.99,13.040000000000001,12.71,12.770000000000001,797120,1021903962.0,0.0,15,12.98,0
2022-12-27,1672070400000,12.870000000000001,13.22,12.870000000000001,13.110000000000001,886004,1160090119.0,0.0,15,12.770000000000001,0
2022-12-28,1672156800000,13.16,13.38,13.0,13.14,791192,1042402080.0,0.0,15,13.11,0
2022-12-29,1672243200000,13.07,13.129999999999999,12.85,13.03,666890,865144967.0,0.0,15,13.139999999999999,0
2022-12-30,1672329600000,13.040000000000001,13.280000000000001,12.96,13.16,818036,1074756753.0,0.0,15,13.030000000000001,0
2023-01-03,1672675200000,13.200000000000001,13.850000000000001,13.05,13.770000000000001,2194128,2971546989.0,0.0,15,13.16,0
2023-01-04,1672761600000,13.71,14.420000000000002,13.63,14.32,2189683,3110729449.0000005,0.0,15,13.770000000000001,0
2023-01-05,1672848000000,14.4,14.74,14.370000000000001,14.48,1665425,2417272355.0,0.0,15,14.32,0
2023-01-06,1672934400000,14.5,14.72,14.48,14.620000000000001,1195745,1747915169.0000002,0.0,15,14.48,0
2023-01-09,1673193600000,14.75,14.879999999999999,14.52,14.799999999999999,1057659,1561368487.0,0.0,15,14.62,0
2023-01-10,1673280000000,14.76,14.89,14.39,14.440000000000001,1269423,1851093716.0,0.0,15,14.8,0
2023-01-11,1673366400000,14.450000000000001,14.780000000000001,14.39,14.67,830566,1217450811.0,0.0,15,14.440000000000001,0
2023-01-12,1673452800000,14.770000000000001,14.770000000000001,14.530000000000001,14.670000000000002,625695,914367698.9999999,0.0,15,14.670000000000002,0
2023-01-13,1673539200000,14.67,14.950000000000001,14.55,14.950000000000001,949086,1407181074.0000002,0.0,15,14.67,0
2023-01-16,1673798400000,14.95,15.28,14.85,15.08,1560040,2356399991.9999995,0.0,15,14.95,0
2023-01-17,1673884800000,15.129999999999999,15.18,14.77,14.969999999999999,935835,1396151514.0,0.0,15,15.08,0
2023-01-18,1673971200000,14.95,15.18,14.91,15.11,718434,1083362997.0,0.0,15,14.97,0
2023-01-19,1674057600000,15.13,15.250000000000002,14.870000000000001,15.090000000000002,641875,963744633.0,0.0,15,15.110000000000001,0
2023-01-20,1674144000000,15.16,15.24,15.0,15.13,608590,920144805.0,0.0,15,15.09,0
2023-01-30,1675008000000,15.600000000000001,15.74,14.89,15.15,1374318,2096867649.0,0.0,15,15.13,0
2023-01-31,1675094400000,15.24,15.510000000000002,14.96,14.99,1030498,1568639326.0,0.0,15,15.15,0
2023-02-01,1675180800000,15.03,15.08,14.51,14.7,1653421,2426471971.9999995,0.0,15,14.99,0
2023-02-02,1675267200000,14.74,14.78,14.27,14.6,1577900,2280744883.0,0.0,15,14.7,0
2023-02-03,1675353600000,14.45,14.55,14.16,14.32,1246383,1782105890.0,0.0,15,14.6,0
2023-02-06,1675612800000,14.1,14.129999999999999,13.86,14.0,1317610,1838428709.0,0.0,15,14.32,0
2023-02-07,1675699200000,14.06,14.32,14.030000000000001,14.21,869460,1235297762.0000002,0.0,15,14.000000000000002,0
2023-02-08,1675785600000,14.240000000000002,14.32,14.030000000000001,14.040000000000001,657893,928708933.0000001,0.0,15,14.21,0
2023-02-09,1675872000000,14.010000000000002,14.3,13.96,14.13,830350,1174361963.0,0.0,15,14.040000000000001,0
2023-02-10,1675958400000,14.1,14.12,13.86,13.979999999999999,847284,1184283386.0,0.0,15,14.129999999999999,0
2023-02-13,1676217600000,13.94,13.94,13.6,13.82,1800054,2473405202.0,0.0,15,13.98,0
2023-02-14,1676304000000,13.850000000000001,13.98,13.8,13.96,909937,1263892077.0,0.0,15,13.82,0
2023-02-15,1676390400000,13.950000000000001,13.96,13.620000000000001,13.670000000000002,1250244,1713566672.0,0.0,15,13.96,0
2023-02-16,1676476800000,13.68,13.91,13.5,13.6,1279123,1757431082.9999998,0.0,15,13.67,0
2023-02-17,1676563200000,13.629999999999999,13.719999999999999,13.43,13.43,918364,1246777397.0,0.0,15,13.6,0
2023-02-20,1676822400000,13.5,14.15,13.49,14.15,2116191,2945969772.9999995,0.0,15,13.43,0
2023-02-21,1676908800000,14.06,14.2,13.92,14.1,990495,1393153377.0,0.0,15,14.15,0
2023-02-22,1676995200000,14.0,14.12,13.94,14.02,638922,895742534.0,0.0,15,14.1,0
2023-02-23,1677081600000,14.0,14.32,13.98,14.05,824491,1165539851.0,0.0,15,14.02,0
2023-02-24,1677168000000,14.020000000000001,14.030000000000001,13.8,13.860000000000001,729989,1012652971.0,0.0,15,14.05,0
2023-02-27,1677427200000,13.75,13.879999999999999,13.68,13.69,621462,854854040.0,0.0,15,13.86,0
2023-02-28,1677513600000,13.75,13.85,13.61,13.78,607936,833316018.0,0.0,15,13.69,0
2023-03-01,1677600000000,13.8,14.19,13.74,14.17,1223452,1719710647.0,0.0,15,13.78,0
2023-03-02,1677686400000,14.13,14.440000000000001,14.06,14.24,1015877,1447565979.0,0.0,15,14.17,0
2023-03-03,1677772800000,14.350000000000001,14.370000000000001,14.14,14.290000000000001,690954,985552119.9999999,0.0,15,14.24,0
2023-03-06,1678032000000,14.3,14.3,13.72,13.850000000000001,1455824,2023954547.0,0.0,15,14.290000000000001,0
2023-03-07,1678118400000,13.85,14.1,13.65,13.69,1279266,1773654737.0,0.0,15,13.85,0
2023-03-08,1678204800000,13.63,13.64,13.4,13.530000000000001,1096898,1479838980.0,0.0,15,13.69,0
2023-03-09,1678291200000,13.540000000000001,13.58,13.13,13.200000000000001,1736065,2305765842.0,0.0,15,13.530000000000001,0
2023-03-10,1678377600000,13.0,13.27,13.0,13.14,856996,1128558359.0,0.0,15,13.2,0
2023-03-13,1678636800000,13.12,13.29,13.0,13.05,1000635,1309490079.0000002,0.0,15,13.14,0
2023-03-14,1678723200000,12.99,13.0,12.73,12.870000000000001,1149076,1474124198.0,0.0,15,13.05,0
2023-03-15,1678809600000,13.049999999999999,13.18,12.94,13.049999999999999,979364,1278262225.0,0.0,15,12.87,0
2023-03-16,1678896000000,12.89,13.030000000000001,12.8,12.82,916792,1182054433.0,0.0,15,13.05,0
2023-03-17,1678982400000,12.99,13.040000000000001,12.65,12.75,1556814,2000832406.9999998,0.0,15,12.82,0
2023-03-20,1679241600000,12.760000000000002,12.850000000000001,12.55,12.57,1188816,1505893658.0,0.0,15,12.75,0
2023-03-21,1679328000000,12.65,12.78,12.5,12.7,840743,1060914056.0,0.0,15,12.57,0
2023-03-22,1679414400000,12.75,12.88,12.71,12.790000000000001,876691,1121080753.0,0.0,15,12.700000000000001,0
2023-03-23,1679500800000,12.700000000000001,12.9,12.63,12.9,804306,1029380497.0000001,0.0,15,12.790000000000001,0
2023-03-24,1679587200000,12.85,12.86,12.76,12.82,621519,796319541.0000001,0.0,15,12.9,0
2023-03-27,1679846400000,12.8,12.81,12.46,12.600000000000001,1008422,1266945055.9999998,0.0,15,12.82,0
2023-03-28,1679932800000,12.66,12.73,12.55,12.64,673868,851797868.0,0.0,15,12.600000000000001,0
2023-03-29,1680019200000,12.73,12.74,12.5,12.53,596064,750687550.0,0.0,15,12.64,0
2023-03-30,1680105600000,12.55,12.71,12.41,12.68,824546,1035422932.0000001,0.0,15,12.53,0
2023-03-31,1680192000000,12.69,12.77,12.51,12.53,865492,1092263436.0,0.0,15,12.68,0
2023-04-03,1680451200000,12.55,12.690000000000001,12.46,12.670000000000002,740429,934285179.0,0.0,15,12.530000000000001,0
2023-04-04,1680537600000,12.64,12.72,12.59,12.65,647457,817726526.0,0.0,15,12.67,0
2023-04-06,1680710400000,12.6,12.61,12.5,12.58,563321,706480659.0,0.0,15,12.65,0
2023-04-07,1680796800000,12.57,12.69,12.5,12.62,607925,767354796.0,0.0,15,12.58,0
2023-04-10,1681056000000,12.64,12.7,12.58,12.68,640182,809943147.0,0.0,15,12.62,0
2023-04-11,1681142400000,12.7,12.719999999999999,12.52,12.54,777780,978302907.0000001,0.0,15,12.68,0
2023-04-12,1681228800000,12.580000000000002,12.590000000000002,12.450000000000001,12.48,909957,1136997696.0,0.0,15,12.540000000000001,0
2023-04-13,1681315200000,12.41,12.67,12.3,12.56,1131591,1413919037.0,0.0,15,12.48,0
2023-04-14,1681401600000,12.6,12.9,12.58,12.69,1297995,1653539530.0,0.0,15,12.56,0
2023-04-17,1681660800000,12.66,12.94,12.6,12.93,1304213,1669357649.0000002,0.0,15,12.69,0
2023-04-18,1681747200000,12.93,13.200000000000001,12.89,13.0,1538936,2009934874.0000002,0.0,15,12.93,0
2023-04-19,1681833600000,13.02,13.07,12.83,12.85,1014378,1309536001.0,0.0,15,13.0,0
2023-04-20,1681920000000,12.9,12.9,12.620000000000001,12.750000000000002,811788,1033330703.0,0.0,15,12.850000000000001,0
2023-04-21,1682006400000,12.700000000000001,12.83,12.48,12.5,918668,1160509766.0,0.0,15,12.75,0
2023-04-24,1682265600000,12.48,12.500000000000002,12.030000000000001,12.100000000000001,1467672,1798133966.0000002,0.0,15,12.500000000000002,0
2023-04-25,1682352000000,12.14,12.370000000000001,12.120000000000001,12.280000000000001,1301901,1595320169.0,0.0,15,12.100000000000001,0
2023-04-26,1682438400000,12.25,12.25,11.99,12.120000000000001,991260,1197555724.0000002,0.0,15,12.28,0
2023-04-27,1682524800000,12.06,12.35,12.0,12.26,1004093,1222755932.0000002,0.0,15,12.12,0
2023-04-28,1682611200000,12.26,12.780000000000001,12.22,12.55,1445254,1816868032.0000002,0.0,15,12.26,0
2023-05-04,1683129600000,12.4,12.83,12.19,12.73,1478264,1863146144.0,0.0,15,12.549999999999999,0
2023-05-05,1683216000000,12.78,13.11,12.75,12.91,1762189,2283981032.0,0.0,15,12.73,0
2023-05-08,1683475200000,12.94,13.49,12.84,13.32,2630719,3478891629.0000005,0.0,15,12.91,0
2023-05-09,1683561600000,13.4,13.600000000000001,13.13,13.16,2422534,3238716470.0,0.0,15,13.32,0
2023-05-10,1683648000000,13.17,13.260000000000002,12.8,12.84,1237053,1600189994.0,0.0,15,13.16,0
2023-05-11,1683734400000,12.950000000000001,13.120000000000001,12.8,12.850000000000001,903758,1166479364.0,0.0,15,12.84,0
2023-05-12,1683820800000,12.82,12.87,12.61,12.62,885604,1124579090.0000002,0.0,15,12.85,0
2023-05-15,1684080000000,12.680000000000001,12.850000000000001,12.450000000000001,12.830000000000002,928326,1173804243.0,0.0,15,12.620000000000001,0
2023-05-16,1684166400000,12.8,12.92,12.57,12.620000000000001,998302,1267712090.0,0.0,15,12.83,0
2023-05-17,1684252800000,12.58,12.639999999999999,12.44,12.49,754621,945315193.0,0.0,15,12.62,0
2023-05-18,1684339200000,12.57,12.64,12.43,12.49,687187,861347534.0,0.0,15,12.49,0
2023-05-19,1684425600000,12.43,12.44,12.32,12.34,688414,851165593.0,0.0,15,12.49,0
2023-05-22,1684684800000,12.31,12.450000000000001,12.31,12.38,549328,679754868.0,0.0,15,12.34,0
2023-05-23,1684771200000,12.38,12.41,12.21,12.21,694364,852871175.0000001,0.0,15,12.38,0
2023-05-24,1684857600000,12.2,12.209999999999999,12.01,12.01,824251,996600577.0,0.0,15,12.209999999999999,0
2023-05-25,1684944000000,11.99,12.0,11.81,11.93,882744,1050002541.0,0.0,15,12.01,0
2023-05-26,1685030400000,11.93,12.129999999999999,11.84,12.1,511429,613772896.9999999,0.0,15,11.93,0
2023-05-29,1685289600000,12.110000000000001,12.13,11.950000000000001,11.98,566074,680275577.0,0.0,15,12.100000000000001,0
2023-05-30,1685376000000,11.98,11.99,11.8,11.870000000000001,763997,906316373.0000001,0.0,15,11.98,0
2023-05-31,1685462400000,11.82,11.84,11.58,11.6,1179587,1376758356.0000002,0.0,15,11.87,0
2023-06-01,1685548800000,11.6,11.68,11.5,11.59,743023,861646489.0,0.0,15,11.6,0
2023-06-02,1685635200000,11.68,11.97,11.64,11.93,1221843,1446502669.0,0.0,15,11.59,0
2023-06-05,1685894400000,11.88,12.0,11.82,11.91,521846,620531416.0000001,0.0,15,11.93,0
2023-06-06,1685980800000,11.91,12.09,11.82,11.84,833273,997039310.9999999,0.0,15,11.91,0
2023-06-07,1686067200000,11.89,12.07,11.88,11.940000000000001,643698,770386878.0000001,0.0,15,11.840000000000002,0
2023-06-08,1686153600000,11.959999999999999,12.2,11.86,12.12,869397,1048266235.0,0.0,15,11.94,0
2023-06-09,1686240000000,12.06,12.09,11.85,11.879999999999999,1315285,1566929273.0,0.0,15,12.12,0
2023-06-12,1686499200000,11.82,11.9,11.76,11.79,758747,896015708.0,0.0,15,11.879999999999999,0
2023-06-13,1686585600000,11.76,11.84,11.69,11.77,849988,1000183566.0000001,0.0,15,11.79,0
2023-06-14,1686672000000,11.55,11.73,11.46,11.47,1069200,1237376775.0,0.0,15,11.49,0
2023-06-15,1686758400000,11.49,11.63,11.39,11.610000000000001,925301,1064567231.0,0.0,15,11.47,0
2023-06-16,1686844800000,11.61,11.67,11.57,11.63,842034,978869317.0,0.0,15,11.61,0
2023-06-19,1687104000000,11.63,11.63,11.41,11.45,953997,1096351096.0,0.0,15,11.63,0
2023-06-20,1687190400000,11.44,11.459999999999999,11.35,11.36,544551,620374307.0,0.0,15,11.45,0
2023-06-21,1687276800000,11.36,11.48,11.34,11.35,616583,703681563.0,0.0,15,11.36,0
2023-06-26,1687708800000,11.3,11.3,11.15,11.18,676577,757975991.0,0.0,15,11.35,0
2023-06-27,1687795200000,11.2,11.32,11.17,11.28,461702,519520687.00000006,0.0,15,11.18,0
2023-06-28,1687881600000,11.280000000000001,11.33,11.22,11.3,365396,412039353.0,0.0,15,11.280000000000001,0
2023-06-29,1687968000000,11.29,11.29,11.17,11.18,485906,544534825.0,0.0,15,11.3,0
2023-06-30,1688054400000,11.18,11.31,11.15,11.23,519053,583494653.9999999,0.0,15,11.18,0
2023-07-03,1688313600000,11.24,11.530000000000001,11.23,11.49,885091,1009887428.0,0.0,15,11.23,0
2023-07-04,1688400000000,11.46,11.49,11.32,11.4,616301,701885269.0,0.0,15,11.49,0
2023-07-05,1688486400000,11.360000000000001,11.4,11.3,11.34,423482,479726281.99999994,0.0,15,11.4,0
2023-07-06,1688572800000,11.3,11.340000000000002,11.21,11.24,597096,672396816.0000001,0.0,15,11.340000000000002,0
2023-07-07,1688659200000,11.2,11.27,11.18,11.2,484441,543212455.0,0.0,15,11.24,0
2023-07-10,1688918400000,11.25,11.28,11.17,11.2,495882,556581581.0,0.0,15,11.2,0
2023-07-11,1689004800000,11.219999999999999,11.26,11.19,11.209999999999999,570809,640131787.0000001,0.0,15,11.2,0
2023-07-12,1689091200000,11.23,11.360000000000001,11.22,11.24,736084,830230820.0,0.0,15,11.21,0
2023-07-13,1689177600000,11.32,11.469999999999999,11.27,11.43,1124230,1281848378.0000002,0.0,15,11.24,0
2023-07-14,1689264000000,11.43,11.55,11.4,11.46,719147,825295738.0,0.0,15,11.43,0
2023-07-17,1689523200000,11.41,11.41,11.26,11.31,608343,687262893.0,0.0,15,11.459999999999999,0
2023-07-18,1689609600000,11.290000000000001,11.32,11.22,11.25,471966,531299772.0,0.0,15,11.31,0
2023-07-19,1689696000000,11.23,11.32,11.23,11.31,382196,430771279.0,0.0,15,11.25,0
2023-07-20,1689782400000,11.33,11.440000000000001,11.290000000000001,11.32,554070,629696111.0,0.0,15,11.31,0
2023-07-21,1689868800000,11.309999999999999,11.389999999999999,11.28,11.34,377103,427375950.0,0.0,15,11.319999999999999,0
2023-07-24,1690128000000,11.33,11.33,11.24,11.26,426852,480713395.00000006,0.0,15,11.34,0
2023-07-25,1690214400000,11.45,11.729999999999999,11.44,11.719999999999999,2032958,2358815159.0,0.0,15,11.26,0
2023-07-26,1690300800000,11.65,11.74,11.56,11.67,751663,875260135.0,0.0,15,11.72,0
2023-07-27,1690387200000,11.68,11.870000000000001,11.65,11.75,1115196,1314228293.0000002,0.0,15,11.67,0
2023-07-28,1690473600000,11.69,12.3,11.67,12.26,2347013,2839828236.0000005,0.0,15,11.75,0
2023-07-31,1690732800000,12.3,12.5,12.23,12.32,1854952,2288940410.0,0.0,15,12.26,0
2023-08-01,1690819200000,12.260000000000002,12.370000000000001,12.13,12.16,957735,1169570704.0,0.0,15,12.32,0
2023-08-02,1690905600000,12.06,12.24,11.93,12.03,1115900,1343864165.0,0.0,15,12.16,0
2023-08-03,1690992000000,11.99,12.370000000000001,11.950000000000001,12.330000000000002,1175848,1433255492.9999998,0.0,15,12.030000000000001,0
2023-08-04,1691078400000,12.420000000000002,12.530000000000001,12.21,12.3,1303131,1611435431.0,0.0,15,12.33,0
2023-08-07,1691337600000,12.21,12.250000000000002,12.120000000000001,12.16,646913,786506452.0,0.0,15,12.3,0
2023-08-08,1691424000000,12.12,12.21,12.0,12.1,725705,877489187.0,0.0,15,12.16,0
2023-08-09,1691510400000,12.06,12.200000000000001,12.05,12.17,577608,702060796.0,0.0,15,12.100000000000001,0
2023-08-10,1691596800000,12.15,12.21,12.06,12.16,475595,577123919.0,0.0,15,12.17,0
2023-08-11,1691683200000,12.17,12.270000000000001,11.89,11.89,943539,1132867239.0,0.0,15,12.16,0
2023-08-14,1691942400000,11.76,11.78,11.59,11.67,975920,1139185249.0000002,0.0,15,11.89,0
2023-08-15,1692028800000,11.69,11.799999999999999,11.6,11.73,712813,834163039.0,0.0,15,11.67,0
2023-08-16,1692115200000,11.67,11.85,11.61,11.729999999999999,572904,671706045.0,0.0,15,11.729999999999999,0
2023-08-17,1692201600000,11.670000000000002,11.700000000000001,11.46,11.57,965058,1116292661.0,0.0,15,11.73,0
2023-08-18,1692288000000,11.58,11.74,11.53,11.559999999999999,659819,767047286.0,0.0,15,11.569999999999999,0
2023-08-21,1692547200000,11.56,11.58,11.32,11.32,701498,799641423.0000001,0.0,15,11.56,0
2023-08-22,1692633600000,11.38,11.450000000000001,11.31,11.370000000000001,606808,689991238.0,0.0,15,11.32,0
2023-08-23,1692720000000,11.35,11.42,11.24,11.25,691810,783102827.0,0.0,15,11.370000000000001,0
2023-08-24,1692806400000,11.290000000000001,11.32,11.05,11.13,1291271,1439197083.0,0.0,15,11.25,0
2023-08-25,1692892800000,11.1,11.33,11.08,11.23,845350,946760250.0,0.0,15,11.13,0
2023-08-28,1693152000000,11.84,11.93,11.49,11.52,1997610,2336205800.0000005,0.0,15,11.23,0
2023-08-29,1693238400000,11.47,11.49,11.13,11.31,1964961,2217588610.0,0.0,15,11.520000000000001,0
2023-08-30,1693324800000,11.270000000000001,11.270000000000001,11.13,11.13,1375638,1537573550.0000002,0.0,15,11.31,0
2023-08-31,1693411200000,11.14,11.22,11.120000000000001,11.13,806474,900123574.0,0.0,15,11.13,0
2023-09-01,1693497600000,11.19,11.36,11.19,11.32,1138705,1285169019.0000002,0.0,15,11.129999999999999,0
2023-09-04,1693756800000,11.35,11.59,11.33,11.56,1410029,1621769196.0,0.0,15,11.32,0
2023-09-05,1693843200000,11.5,11.51,11.36,11.389999999999999,804177,917888858.0000001,0.0,15,11.559999999999999,0
2023-09-06,1693929600000,11.33,11.46,11.3,11.430000000000001,634841,721905681.0,0.0,15,11.39,0
2023-09-07,1694016000000,11.4,11.44,11.32,11.33,540042,613812175.0,0.0,15,11.43,0
2023-09-08,1694102400000,11.280000000000001,11.32,11.23,11.27,479030,539624962.0,0.0,15,11.33,0
2023-09-11,1694361600000,11.299999999999999,11.4,11.27,11.34,654486,741764911.0,0.0,15,11.27,0
2023-09-12,1694448000000,11.35,11.35,11.25,11.28,495485,559058535.0,0.0,15,11.34,0
2023-09-13,1694534400000,11.290000000000001,11.32,11.21,11.25,490218,551747627.0000001,0.0,15,11.280000000000001,0
2023-09-14,1694620800000,11.28,11.33,11.25,11.29,551650,622906052.0,0.0,15,11.25,0
2023-09-15,1694707200000,11.350000000000001,11.4,11.200000000000001,11.22,890476,1005529160.0,0.0,15,11.290000000000001,0
2023-09-18,1694966400000,11.22,11.24,11.14,11.23,501325,561449769.0,0.0,15,11.22,0
2023-09-19,1695052800000,11.22,11.23,11.16,11.21,503664,564044044.0,0.0,15,11.23,0
2023-09-20,1695139200000,11.200000000000001,11.22,11.15,11.15,558872,624785494.0000001,0.0,15,11.21,0
2023-09-21,1695225600000,11.14,11.14,11.040000000000001,11.05,843930,934673192.9999999,0.0,15,11.15,0
2023-09-22,1695312000000,11.03,11.25,11.03,11.24,911484,1017137921.0,0.0,15,11.049999999999999,0
2023-09-25,1695571200000,11.24,11.32,11.19,11.219999999999999,761211,856022502.0000001,0.0,15,11.24,0
2023-09-26,1695657600000,11.22,11.26,11.14,11.16,444980,497885810.00000006,0.0,15,11.22,0
2023-09-27,1695744000000,11.15,11.22,11.15,11.17,490311,547905820.0,0.0,15,11.16,0
2023-09-28,1695830400000,11.19,11.24,11.18,11.2,520697,583649730.0000001,0.0,15,11.17,0
2023-10-09,1696780800000,11.16,11.17,11.06,11.110000000000001,695828,772959353.0,0.0,15,11.200000000000001,0
2023-10-10,1696867200000,11.19,11.2,11.02,11.02,820749,910160341.0,0.0,15,11.11,0
2023-10-11,1696953600000,11.090000000000002,11.090000000000002,10.96,10.98,724116,797663827.0,0.0,15,11.020000000000001,0
2023-10-12,1697040000000,11.110000000000001,11.16,11.040000000000001,11.110000000000001,853058,947562324.0,0.0,15,10.98,0
2023-10-13,1697126400000,11.030000000000001,11.07,10.950000000000001,11.000000000000002,684483,753110725.0,0.0,15,11.110000000000001,0
2023-10-16,1697385600000,11.000000000000002,11.030000000000001,10.950000000000001,11.010000000000002,501624,550988719.0,0.0,15,11.000000000000002,0
2023-10-17,1697472000000,11.010000000000002,11.05,10.96,11.020000000000001,493525,543170900.0,0.0,15,11.010000000000002,0
2023-10-18,1697558400000,10.99,11.02,10.91,10.95,651825,713979896.0,0.0,15,11.02,0
2023-10-19,1697644800000,10.91,10.92,10.59,10.6,1188961,1271914676.0,0.0,15,10.95,0
2023-10-20,1697731200000,10.549999999999999,10.67,10.51,10.6,526139,557618632.0,0.0,15,10.6,0
2023-10-23,1697990400000,10.59,10.6,10.43,10.5,530404,557032228.0,0.0,15,10.6,0
2023-10-24,1698076800000,10.54,10.61,10.44,10.549999999999999,760653,801528403.0,0.0,15,10.5,0
2023-10-25,1698163200000,10.51,10.54,10.36,10.379999999999999,1411450,1470971923.0,0.0,15,10.549999999999999,0
2023-10-26,1698249600000,10.31,10.42,10.3,10.41,599991,621915276.0,0.0,15,10.38,0
2023-10-27,1698336000000,10.38,10.48,10.33,10.45,919771,957587534.0000001,0.0,15,10.41,0
2023-10-30,1698595200000,10.4,10.469999999999999,10.35,10.45,805690,837646002.0000001,0.0,15,10.45,0
2023-10-31,1698681600000,10.43,10.49,10.41,10.46,652855,682212137.0,0.0,15,10.45,0
2023-11-01,1698768000000,10.55,10.56,10.450000000000001,10.48,567300,595211885.0,0.0,15,10.46,0
2023-11-02,1698854400000,10.5,10.600000000000001,10.47,10.48,619430,652316669.0,0.0,15,10.48,0
2023-11-03,1698940800000,10.49,10.52,10.43,10.48,705463,738879704.0000001,0.0,15,10.48,0
2023-11-06,1699200000000,10.51,10.69,10.51,10.69,1007062,1069206837.0000001,0.0,15,10.48,0
2023-11-07,1699286400000,10.66,10.66,10.58,10.6,640866,679815569.0,0.0,15,10.69,0
2023-11-08,1699372800000,10.580000000000002,10.600000000000001,10.450000000000001,10.500000000000002,877819,923622008.0000001,0.0,15,10.600000000000001,0
2023-11-09,1699459200000,10.459999999999999,10.52,10.43,10.49,639136,669639052.0000001,0.0,15,10.5,0
2023-11-10,1699545600000,10.450000000000001,10.47,10.290000000000001,10.3,1045044,1080649733.0000002,0.0,15,10.49,0
2023-11-13,1699804800000,10.31,10.33,10.22,10.25,770043,789007117.0,0.0,15,10.3,0
2023-11-14,1699891200000,10.24,10.33,10.23,10.27,596859,613377697.0,0.0,15,10.25,0
2023-11-15,1699977600000,10.37,10.45,10.34,10.37,1109140,1152154780.0,0.0,15,10.27,0
2023-11-16,1700064000000,10.38,10.39,10.23,10.24,922622,948395096.9999999,0.0,15,10.370000000000001,0
2023-11-17,1700150400000,10.22,10.250000000000002,10.120000000000001,10.15,903362,917616681.0000001,0.0,15,10.24,0
2023-11-20,1700409600000,10.15,10.219999999999999,10.1,10.19,639528,650077370.0,0.0,15,10.15,0
2023-11-21,1700496000000,10.23,10.350000000000001,10.22,10.280000000000001,1041166,1072311504.0,0.0,15,10.190000000000001,0
2023-11-22,1700582400000,10.26,10.31,10.14,10.16,737490,753064757.0000001,0.0,15,10.280000000000001,0
2023-11-23,1700668800000,10.15,10.16,10.07,10.15,846656,855904311.0,0.0,15,10.16,0
2023-11-24,1700755200000,10.11,10.13,10.08,10.1,684695,691423444.0,0.0,15,10.15,0
2023-11-27,1701014400000,10.09,10.09,9.97,10.01,836188,836268368.0000001,0.0,15,10.100000000000001,0
2023-11-28,1701100800000,9.99,10.020000000000001,9.950000000000001,9.950000000000001,786175,784405804.0,0.0,15,10.010000000000002,0
2023-11-29,1701187200000,9.950000000000001,9.97,9.700000000000001,9.72,1467597,1438320264.0000002,0.0,15,9.950000000000001,0
2023-11-30,1701273600000,9.690000000000001,9.73,9.620000000000001,9.680000000000001,901765,871481712.0,0.0,15,9.72,0
2023-12-01,1701360000000,9.65,9.68,9.58,9.66,778057,749668362.9999999,0.0,15,9.68,0
2023-12-04,1701619200000,9.67,9.68,9.61,9.629999999999999,605438,583664338.0,0.0,15,9.66,0
2023-12-05,1701705600000,9.610000000000001,9.620000000000001,9.47,9.48,787378,750961219.0,0.0,15,9.63,0
2023-12-06,1701792000000,9.44,9.57,9.4,9.5,753056,714029468.0,0.0,15,9.48,0
2023-12-07,1701878400000,9.49,9.49,9.38,9.440000000000001,585380,552224831.0000001,0.0,15,9.5,0
2023-12-08,1701964800000,9.41,9.450000000000001,9.3,9.3,1021152,957664580.0000001,0.0,15,9.440000000000001,0
2023-12-11,1702224000000,9.22,9.38,9.13,9.350000000000001,1133663,1044765734.0000001,0.0,15,9.3,0
2023-12-12,1702310400000,9.31,9.5,9.3,9.42,855016,805067628.0,0.0,15,9.350000000000001,0
2023-12-13,1702396800000,9.38,9.39,9.15,9.16,1061302,981001231.0000001,0.0,15,9.42,0
2023-12-14,1702483200000,9.21,9.280000000000001,9.15,9.15,742901,683211465.0,0.0,15,9.16,0
2023-12-15,1702569600000,9.2,9.35,9.19,9.209999999999999,988939,915126127.0,0.0,15,9.15,0
2023-12-18,1702828800000,9.18,9.24,9.09,9.129999999999999,654426,599379044.0,0.0,15,9.209999999999999,0
2023-12-19,1702915200000,9.120000000000001,9.17,9.07,9.1,644071,586716664.0,0.0,15,9.13,0
2023-12-20,1703001600000,9.11,9.149999999999999,9.03,9.03,715634,650511342.0,0.0,15,9.1,0
2023-12-21,1703088000000,9.01,9.19,8.99,9.17,1017047,925407072.0,0.0,15,9.03,0
2023-12-22,1703174400000,9.19,9.28,9.11,9.2,1005645,924998769.0,0.0,15,9.17,0
2023-12-25,1703433600000,9.18,9.200000000000001,9.14,9.190000000000001,413971,379638233.0,0.0,15,9.200000000000001,0
2023-12-26,1703520000000,9.19,9.200000000000001,9.07,9.1,541896,493746622.0,0.0,15,9.19,0
2023-12-27,1703606400000,9.1,9.129999999999999,9.02,9.12,641534,582036660.0,0.0,15,9.1,0
2023-12-28,1703692800000,9.11,9.47,9.08,9.45,1661592,1550256590.0000002,0.0,15,9.12,0
2023-12-29,1703779200000,9.42,9.48,9.35,9.389999999999999,853853,803196743.0000001,0.0,15,9.45,0
